TT,created_at,updated_at,counter
#uberpop,1621905195,1621905195,1
#agn√®sSaal,1619313274,1619316874,2
#fruigopoirdu,1590369313,1590372913,2
#myriamElKhomri,1619313313,1619313313,1
#confpr,1621818955,1621818955,1
#lafnac,1621822555,1621822555,1
#headsofmarcel,1621826155,1621826155,1
#hubforum,1621829755,1621829755,1
#tech,1621833355,1621836955,100
#nzlvaus,1621840555,1621840555,1
#tendancescom2015,1621844155,1621844155,1
#innovation,1621844155,1621847755,250
#digital,1621851355,1621854955,3544
#digitale,1621851355,1621854955,604
#retail,1621858555,1621862155,10
#ecommerce,1621865755,1621869355,780
#web,1621872955,1621876555,98004
#portland,1621880155,1621880155,1
#alpineisback,1621883755,1621887355,3
#socialmedia,1621890955,1621977355,91050054
#cesar2016,1621980955,1621980955,1
#startup,1553552155,1585174555,9871000
#marketing,1306286482,1621905682,10054000
#bacespagnol,1619400082,1619400082,214
#happybirthdayliam,1461633682,1461720082,9999999
#ThisMeansWar,1621987926,1621987926,1
#ThisMeansWar,1621987926,1621987926,1
#ThisMeansWar,1621987928,1621987928,1
#ThisMeansWar,1621987932,1621987932,1
#ThisMeansWar,1621987932,1621987932,1
#ThisMeansWar,1621987937,1621987937,1
#ThisMeansWar,1621987942,1621987942,1
#ThisMeansWar,1621987944,1621987944,1
#ThisMeansWar,1621987944,1621987944,1
#ThisMeansWar,1621987944,1621987944,1
#ThisMeansWar,1621987944,1621987944,1
#ThisMeansWar,1621987950,1621987950,1
#ThisMeansWar,1621987955,1621987955,1
#ThisMeansWar,1621987955,1621987955,1
#ThisMeansWar,1621987955,1621987955,1
#ThisMeansWar,1621987955,1621987955,1
#ThisMeansWar,1621987955,1621987955,1
#ThisMeansWar,1621987955,1621987955,1
#ThisMeansWar,1621987969,1621987969,1
#ThisMeansWar,1621987969,1621987969,1
#ThisMeansWar,1621987979,1621987979,1
#ThisMeansWar,1621987979,1621987979,1
#ThisMeansWar,1621987979,1621987979,1
#ThisMeansWar,1621987979,1621987979,1
#ThisMeansWar,1621987979,1621987979,1
#ThisMeansWar,1621987979,1621987979,1
#ThisMeansWar,1621988039,1621988039,1
#ThisMeansWar,1621988039,1621988039,1
#ThisMeansWar,1621988039,1621988039,1
#ThisMeansWar,1621988039,1621988039,1
#ThisMeansWar,1621988039,1621988039,1
#ThisMeansWar,1621988039,1621988039,1
#ThisMeansWar,1621988039,1621988039,1
#ThisMeansWar,1621988039,1621988039,1
#ThisMeansWar,1621988039,1621988039,1
#ThisMeansWar,1621988039,1621988039,1
#ThisMeansWar,1621988099,1621988099,1
#ThisMeansWar,1621988099,1621988099,1
#ThisMeansWar,1621988099,1621988099,1
#ThisMeansWar,1621988099,1621988099,1
#ThisMeansWar,1621988099,1621988099,1
#ThisMeansWar,1621988099,1621988099,1
#ThisMeansWar,1621988099,1621988099,1
#ThisMeansWar,1621988099,1621988099,1
#ThisMeansWar,1621988099,1621988099,1
#ThisMeansWar,1621988099,1621988099,1
#ThisMeansWar,1621988099,1621988099,1
#ThisMeansWar,1621988099,1621988099,1
#ThisMeansWar,1621988099,1621988099,1
#ThisMeansWar,1621988159,1621988159,1
#ThisMeansWar,1621988159,1621988159,1
#ThisMeansWar,1621988159,1621988159,1
#ThisMeansWar,1621988159,1621988159,1
#ThisMeansWar,1621988159,1621988159,1
#ThisMeansWar,1621988159,1621988159,1
#ThisMeansWar,1621988159,1621988159,1
#ThisMeansWar,1621988159,1621988159,1
#ThisMeansWar,1621988159,1621988159,1
#ThisMeansWar,1621988159,1621988159,1
#ThisMeansWar,1621988159,1621988159,1
#ThisMeansWar,1621988159,1621988159,1
#ThisMeansWar,1621988219,1621988219,1
#ThisMeansWar,1621988219,1621988219,1
#ThisMeansWar,1621988219,1621988219,1
#ThisMeansWar,1621988219,1621988219,1
#ThisMeansWar,1621988219,1621988219,1
#ThisMeansWar,1621988219,1621988219,1
#ThisMeansWar,1621988219,1621988219,1
#ThisMeansWar,1621988219,1621988219,1
#ThisMeansWar,1621988219,1621988219,1
#ThisMeansWar,1621988219,1621988219,1
#ThisMeansWar,1621988219,1621988219,1
#ThisMeansWar,1621988219,1621988219,1
#ThisMeansWar,1621988219,1621988219,1
#ThisMeansWar,1621988279,1621988279,1
#ThisMeansWar,1621988279,1621988279,1
#ThisMeansWar,1621988279,1621988279,1
#ThisMeansWar,1621988279,1621988279,1
#ThisMeansWar,1621988279,1621988279,1
#ThisMeansWar,1621988279,1621988279,1
#ThisMeansWar,1621988339,1621988339,1
#ThisMeansWar,1621988579,1621988579,1
#ThisMeansWar,1621988579,1621988579,1
#LinkinPark,1621987926,1621987926,1
#LinkinPark,1621987926,1621987926,1
#LinkinPark,1621987926,1621987926,1
#LinkinPark,1621987926,1621987926,1
#LinkinPark,1621987926,1621987926,1
#LinkinPark,1621987926,1621987926,1
#LinkinPark,1621987926,1621987926,1
#LinkinPark,1621987926,1621987926,1
#LinkinPark,1621987926,1621987926,1
#LinkinPark,1621987926,1621987926,1
#LinkinPark,1621987926,1621987926,1
#LinkinPark,1621987926,1621987926,1
#LinkinPark,1621987926,1621987926,1
#LinkinPark,1621987926,1621987926,1
#LinkinPark,1621987926,1621987926,1
#LinkinPark,1621987926,1621987926,1
#LinkinPark,1621987926,1621987926,1
#LinkinPark,1621987926,1621987926,1
#LinkinPark,1621987926,1621987926,1
#LinkinPark,1621987926,1621987926,1
#LinkinPark,1621987926,1621987926,1
#LinkinPark,1621987926,1621987926,1
#LinkinPark,1621987926,1621987926,1
#LinkinPark,1621987930,1621987930,1
#LinkinPark,1621987960,1621987960,1
#LinkinPark,1621987979,1621987979,1
#LinkinPark,1621987979,1621987979,1
#LinkinPark,1621987979,1621987979,1
#LinkinPark,1621988039,1621988039,1
#LinkinPark,1621988039,1621988039,1
#LinkinPark,1621988039,1621988039,1
#LinkinPark,1621988039,1621988039,1
#LinkinPark,1621988039,1621988039,1
#LinkinPark,1621988039,1621988039,1
#LinkinPark,1621988039,1621988039,1
#LinkinPark,1621988039,1621988039,1
#LinkinPark,1621988039,1621988039,1
#LinkinPark,1621988039,1621988039,1
#LinkinPark,1621988039,1621988039,1
#LinkinPark,1621988039,1621988039,1
#LinkinPark,1621988039,1621988039,1
#LinkinPark,1621988039,1621988039,1
#LinkinPark,1621988039,1621988039,1
#LinkinPark,1621988039,1621988039,1
#LinkinPark,1621988039,1621988039,1
#LinkinPark,1621988099,1621988099,1
#Java,1622508315,1622508315,1
#Java,1622508315,1622508315,2
#Java,1622508315,1622508315,4
#Java,1622508375,1622508375,7
#Java,1622508375,1622508375,3
#Java,1622508375,1622508375,5
#Java,1622508375,1622508375,5
#Java,1622508375,1622508375,5
#Java,1622508435,1622508435,9
#Java,1622508435,1622508435,7
#Java,1622508435,1622508435,7
#Java,1622508435,1622508435,7
#Java,1622508495,1622508495,2
#Java,1622508555,1622508555,0
#Java,1622508555,1622508555,0
#Java,1622508555,1622508555,0
#Java,1622508555,1622508555,0
#Java,1622508555,1622508555,0
#Java,1622508615,1622508615,2
#Java,1622508615,1622508615,2
#Java,1622508615,1622508615,2
#Java,1622508615,1622508615,2
#Java,1622508615,1622508615,2
#Java,1622508615,1622508615,2
#Java,1622508615,1622508615,2
#Java,1622508615,1622508615,2
#Java,1622508615,1622508615,2
#Java,1622508615,1622508615,2
#Java,1622508615,1622508615,2
#Java,1622508615,1622508615,2
#Java,1622508615,1622508615,2
#Java,1622508615,1622508615,2
#Java,1622508615,1622508615,2
#Java,1622508615,1622508615,2
#Java,1622508615,1622508615,2
#Java,1622508615,1622508615,2
#Java,1622508615,1622508615,2
#Java,1622508615,1622508615,2
#Java,1622508615,1622508615,2
#Java,1622508675,1622508675,9
#Slash,1622508315,1622508315,1111111111
#Slash,1622508315,1622508315,2222222222
#Slash,1622508315,1622508315,2222222222
#Slash,1622508375,1622508375,3333333333
#Slash,1622508375,1622508375,433333333
#Slash,1622508375,1622508375,5555555555
#Slash,1622508435,1622508435,666666666
#Slash,1622508435,1622508435,66666666
#Slash,1622508495,1622508495,99999999
#Slash,1622508555,1622508555,1212121212
#Slash,1622508615,1622508615,1212121212
#Slash,1622508675,1622508675,1919191919
#RonWhiskey,1622508315,1622508315,199999999
#RonWhiskey,1622508315,1622508315,122222222
#RonWhiskey,1622508315,1622508315,122222222
#RonWhiskey,1622508375,1622508375,88888888
#RonWhiskey,1622508375,1622508375,6666666
#RonWhiskey,1622508375,1622508375,555555
#RonWhiskey,1622508435,1622508435,555555
#RonWhiskey,1622508435,1622508435,444444
#RonWhiskey,1622508495,1622508495,444444
#RonWhiskey,1622508555,1622508555,222222
#RonWhiskey,1622508615,1622508615,222222
#RonWhiskey,1622508675,1622508675,0
#AlPacino,1622508315,1622508315,150000
#AlPacino,1622508315,1622508315,287987898
#AlPacino,1622508315,1622508315,454654
#AlPacino,1622508375,1622508375,7654547
#AlPacino,1622508375,1622508375,323132654
#AlPacino,1622508375,1622508375,565498
#AlPacino,1622508435,1622508435,9875623
#AlPacino,1622508435,1622508435,74546
#AlPacino,1622508495,1622508495,232123
#AlPacino,1622508555,1622508555,103242465
#AlPacino,1622508615,1622508615,25456
#AlPacino,1622508675,1622508675,98754511
#AlPacino,1622508735,1622508735,9875451100
#AlPacino,1622508795,1622508795,987545119878
#AlPacino,1622508855,1622508855,98754511545656